#Id,Chromosome,Start,End,Width,Type,fractionalCopyNumber,CopyNumber,Confidence
1,1,12939459,13469013,529555,duplication,2.531,3,0.57
2,1,142785918,143264550,478633,duplication,2.706,3,0.22
3,1,148897549,149456100.5,558552.5,deletion,1.449,1,0.59
4,1,149520580,149899431,378852,duplication,2.619,3,0.22
5,3,162425425,162704848,279424,duplication,2.552,3,0.22
6,8,7167981,7397344,229364,duplication,2.761,3,0.22
7,10,38796222,42526778,3730557,duplication,2.82,3,0.91
8,10,46941016,47423868,482853,duplication,2.903,3,0.22
9,15,28548024,28834848,286825,duplication,2.963,3,0.22
10,16,16423953,16809956,386004,duplication,2.958,3,0.22
11,16,18329451,18793333,463883,duplication,3.356,3,0.22
12,16,32151987,32854778,702792,duplication,2.642,3,0.57
13,22,18776976,21500122,2723147,deletion,1.167,1,0.84

